series_id,label,year,period,periodName,value,date
SMU01000000000000001,Alabama - Total Nonfarm,2025,M02,February,2195,2025-02-01
SMU01000000000000001,Alabama - Total Nonfarm,2025,M01,January,2180,2025-01-01
SMU01000000000000001,Alabama - Total Nonfarm,2024,M12,December,2212,2024-12-01
SMU01000000000000001,Alabama - Total Nonfarm,2024,M11,November,2211,2024-11-01
SMU01000000000000001,Alabama - Total Nonfarm,2024,M10,October,2203,2024-10-01
SMU01000000000000001,Alabama - Total Nonfarm,2024,M09,September,2191,2024-09-01
SMU01000000000000001,Alabama - Total Nonfarm,2024,M08,August,2190,2024-08-01
SMU01000000000000001,Alabama - Total Nonfarm,2024,M07,July,2182,2024-07-01
SMU01000000000000001,Alabama - Total Nonfarm,2024,M06,June,2197,2024-06-01
SMU01000000000000001,Alabama - Total Nonfarm,2024,M05,May,2194,2024-05-01
SMU01000000000000001,Alabama - Total Nonfarm,2024,M04,April,2188,2024-04-01
SMU01000000000000001,Alabama - Total Nonfarm,2024,M03,March,2180,2024-03-01
SMU01000000000000001,Alabama - Total Nonfarm,2024,M02,February,2175,2024-02-01
SMU01000000000000001,Alabama - Total Nonfarm,2024,M01,January,2155,2024-01-01
SMU02000000000000001,Alaska - Total Nonfarm,2025,M02,February,328,2025-02-01
SMU02000000000000001,Alaska - Total Nonfarm,2025,M01,January,325,2025-01-01
SMU02000000000000001,Alaska - Total Nonfarm,2024,M12,December,326,2024-12-01
SMU02000000000000001,Alaska - Total Nonfarm,2024,M11,November,326,2024-11-01
SMU02000000000000001,Alaska - Total Nonfarm,2024,M10,October,334,2024-10-01
SMU02000000000000001,Alaska - Total Nonfarm,2024,M09,September,346,2024-09-01
SMU02000000000000001,Alaska - Total Nonfarm,2024,M08,August,353,2024-08-01
SMU02000000000000001,Alaska - Total Nonfarm,2024,M07,July,356,2024-07-01
SMU02000000000000001,Alaska - Total Nonfarm,2024,M06,June,350,2024-06-01
SMU02000000000000001,Alaska - Total Nonfarm,2024,M05,May,338,2024-05-01
SMU02000000000000001,Alaska - Total Nonfarm,2024,M04,April,327,2024-04-01
SMU02000000000000001,Alaska - Total Nonfarm,2024,M03,March,323,2024-03-01
SMU02000000000000001,Alaska - Total Nonfarm,2024,M02,February,320,2024-02-01
SMU02000000000000001,Alaska - Total Nonfarm,2024,M01,January,313,2024-01-01
SMU04000000000000001,Arizona - Total Nonfarm,2025,M02,February,3259,2025-02-01
SMU04000000000000001,Arizona - Total Nonfarm,2025,M01,January,3238,2025-01-01
SMU04000000000000001,Arizona - Total Nonfarm,2024,M12,December,3286,2024-12-01
SMU04000000000000001,Arizona - Total Nonfarm,2024,M11,November,3280,2024-11-01
SMU04000000000000001,Arizona - Total Nonfarm,2024,M10,October,3246,2024-10-01
SMU04000000000000001,Arizona - Total Nonfarm,2024,M09,September,3216,2024-09-01
SMU04000000000000001,Arizona - Total Nonfarm,2024,M08,August,3190,2024-08-01
SMU04000000000000001,Arizona - Total Nonfarm,2024,M07,July,3144,2024-07-01
SMU04000000000000001,Arizona - Total Nonfarm,2024,M06,June,3188,2024-06-01
SMU04000000000000001,Arizona - Total Nonfarm,2024,M05,May,3242,2024-05-01
SMU04000000000000001,Arizona - Total Nonfarm,2024,M04,April,3261,2024-04-01
SMU04000000000000001,Arizona - Total Nonfarm,2024,M03,March,3278,2024-03-01
SMU04000000000000001,Arizona - Total Nonfarm,2024,M02,February,3272,2024-02-01
SMU04000000000000001,Arizona - Total Nonfarm,2024,M01,January,3251,2024-01-01
SMU05000000000000001,Arkansas - Total Nonfarm,2025,M02,February,1370,2025-02-01
SMU05000000000000001,Arkansas - Total Nonfarm,2025,M01,January,1366,2025-01-01
SMU05000000000000001,Arkansas - Total Nonfarm,2024,M12,December,1383,2024-12-01
SMU05000000000000001,Arkansas - Total Nonfarm,2024,M11,November,1382,2024-11-01
SMU05000000000000001,Arkansas - Total Nonfarm,2024,M10,October,1380,2024-10-01
SMU05000000000000001,Arkansas - Total Nonfarm,2024,M09,September,1370,2024-09-01
SMU05000000000000001,Arkansas - Total Nonfarm,2024,M08,August,1356,2024-08-01
SMU05000000000000001,Arkansas - Total Nonfarm,2024,M07,July,1348,2024-07-01
SMU05000000000000001,Arkansas - Total Nonfarm,2024,M06,June,1359,2024-06-01
SMU05000000000000001,Arkansas - Total Nonfarm,2024,M05,May,1369,2024-05-01
SMU05000000000000001,Arkansas - Total Nonfarm,2024,M04,April,1367,2024-04-01
SMU05000000000000001,Arkansas - Total Nonfarm,2024,M03,March,1365,2024-03-01
SMU05000000000000001,Arkansas - Total Nonfarm,2024,M02,February,1356,2024-02-01
SMU05000000000000001,Arkansas - Total Nonfarm,2024,M01,January,1345,2024-01-01
SMU06000000000000001,California - Total Nonfarm,2025,M02,February,17906,2025-02-01
SMU06000000000000001,California - Total Nonfarm,2025,M01,January,17847,2025-01-01
SMU06000000000000001,California - Total Nonfarm,2024,M12,December,18186,2024-12-01
SMU06000000000000001,California - Total Nonfarm,2024,M11,November,18152,2024-11-01
SMU06000000000000001,California - Total Nonfarm,2024,M10,October,18076,2024-10-01
SMU06000000000000001,California - Total Nonfarm,2024,M09,September,17893,2024-09-01
SMU06000000000000001,California - Total Nonfarm,2024,M08,August,17885,2024-08-01
SMU06000000000000001,California - Total Nonfarm,2024,M07,July,17826,2024-07-01
SMU06000000000000001,California - Total Nonfarm,2024,M06,June,17931,2024-06-01
SMU06000000000000001,California - Total Nonfarm,2024,M05,May,17962,2024-05-01
SMU06000000000000001,California - Total Nonfarm,2024,M04,April,17918,2024-04-01
SMU06000000000000001,California - Total Nonfarm,2024,M03,March,17872,2024-03-01
SMU06000000000000001,California - Total Nonfarm,2024,M02,February,17841,2024-02-01
SMU06000000000000001,California - Total Nonfarm,2024,M01,January,17837,2024-01-01
SMU08000000000000001,Colorado - Total Nonfarm,2025,M02,February,2951,2025-02-01
SMU08000000000000001,Colorado - Total Nonfarm,2025,M01,January,2947,2025-01-01
SMU08000000000000001,Colorado - Total Nonfarm,2024,M12,December,2996,2024-12-01
SMU08000000000000001,Colorado - Total Nonfarm,2024,M11,November,2980,2024-11-01
SMU08000000000000001,Colorado - Total Nonfarm,2024,M10,October,2982,2024-10-01
SMU08000000000000001,Colorado - Total Nonfarm,2024,M09,September,2971,2024-09-01
SMU08000000000000001,Colorado - Total Nonfarm,2024,M08,August,2988,2024-08-01
SMU08000000000000001,Colorado - Total Nonfarm,2024,M07,July,2990,2024-07-01
SMU08000000000000001,Colorado - Total Nonfarm,2024,M06,June,2996,2024-06-01
SMU08000000000000001,Colorado - Total Nonfarm,2024,M05,May,2971,2024-05-01
SMU08000000000000001,Colorado - Total Nonfarm,2024,M04,April,2956,2024-04-01
SMU08000000000000001,Colorado - Total Nonfarm,2024,M03,March,2953,2024-03-01
SMU08000000000000001,Colorado - Total Nonfarm,2024,M02,February,2945,2024-02-01
SMU08000000000000001,Colorado - Total Nonfarm,2024,M01,January,2920,2024-01-01
SMU09000000000000001,Connecticut - Total Nonfarm,2025,M02,February,1691,2025-02-01
SMU09000000000000001,Connecticut - Total Nonfarm,2025,M01,January,1691,2025-01-01
SMU09000000000000001,Connecticut - Total Nonfarm,2024,M12,December,1729,2024-12-01
SMU09000000000000001,Connecticut - Total Nonfarm,2024,M11,November,1731,2024-11-01
SMU09000000000000001,Connecticut - Total Nonfarm,2024,M10,October,1726,2024-10-01
SMU09000000000000001,Connecticut - Total Nonfarm,2024,M09,September,1714,2024-09-01
SMU09000000000000001,Connecticut - Total Nonfarm,2024,M08,August,1695,2024-08-01
SMU09000000000000001,Connecticut - Total Nonfarm,2024,M07,July,1708,2024-07-01
SMU09000000000000001,Connecticut - Total Nonfarm,2024,M06,June,1728,2024-06-01
SMU09000000000000001,Connecticut - Total Nonfarm,2024,M05,May,1717,2024-05-01
SMU09000000000000001,Connecticut - Total Nonfarm,2024,M04,April,1700,2024-04-01
SMU09000000000000001,Connecticut - Total Nonfarm,2024,M03,March,1688,2024-03-01
SMU09000000000000001,Connecticut - Total Nonfarm,2024,M02,February,1681,2024-02-01
SMU09000000000000001,Connecticut - Total Nonfarm,2024,M01,January,1678,2024-01-01
SMU10000000000000001,Delaware - Total Nonfarm,2025,M02,February,485,2025-02-01
SMU10000000000000001,Delaware - Total Nonfarm,2025,M01,January,482,2025-01-01
SMU10000000000000001,Delaware - Total Nonfarm,2024,M12,December,491,2024-12-01
SMU10000000000000001,Delaware - Total Nonfarm,2024,M11,November,492,2024-11-01
SMU10000000000000001,Delaware - Total Nonfarm,2024,M10,October,489,2024-10-01
SMU10000000000000001,Delaware - Total Nonfarm,2024,M09,September,492,2024-09-01
SMU10000000000000001,Delaware - Total Nonfarm,2024,M08,August,493,2024-08-01
SMU10000000000000001,Delaware - Total Nonfarm,2024,M07,July,493,2024-07-01
SMU10000000000000001,Delaware - Total Nonfarm,2024,M06,June,493,2024-06-01
SMU10000000000000001,Delaware - Total Nonfarm,2024,M05,May,491,2024-05-01
SMU10000000000000001,Delaware - Total Nonfarm,2024,M04,April,488,2024-04-01
SMU10000000000000001,Delaware - Total Nonfarm,2024,M03,March,484,2024-03-01
SMU10000000000000001,Delaware - Total Nonfarm,2024,M02,February,478,2024-02-01
SMU10000000000000001,Delaware - Total Nonfarm,2024,M01,January,476,2024-01-01
SMU11000000000000001,District of Columbia - Total Nonfarm,2025,M02,February,762,2025-02-01
SMU11000000000000001,District of Columbia - Total Nonfarm,2025,M01,January,761,2025-01-01
SMU11000000000000001,District of Columbia - Total Nonfarm,2024,M12,December,775,2024-12-01
SMU11000000000000001,District of Columbia - Total Nonfarm,2024,M11,November,776,2024-11-01
SMU11000000000000001,District of Columbia - Total Nonfarm,2024,M10,October,773,2024-10-01
SMU11000000000000001,District of Columbia - Total Nonfarm,2024,M09,September,767,2024-09-01
SMU11000000000000001,District of Columbia - Total Nonfarm,2024,M08,August,759,2024-08-01
SMU11000000000000001,District of Columbia - Total Nonfarm,2024,M07,July,779,2024-07-01
SMU11000000000000001,District of Columbia - Total Nonfarm,2024,M06,June,771,2024-06-01
SMU11000000000000001,District of Columbia - Total Nonfarm,2024,M05,May,766,2024-05-01
SMU11000000000000001,District of Columbia - Total Nonfarm,2024,M04,April,767,2024-04-01
SMU11000000000000001,District of Columbia - Total Nonfarm,2024,M03,March,767,2024-03-01
SMU11000000000000001,District of Columbia - Total Nonfarm,2024,M02,February,765,2024-02-01
SMU11000000000000001,District of Columbia - Total Nonfarm,2024,M01,January,761,2024-01-01
SMU12000000000000001,Florida - Total Nonfarm,2025,M02,February,10054,2025-02-01
SMU12000000000000001,Florida - Total Nonfarm,2025,M01,January,9998,2025-01-01
SMU12000000000000001,Florida - Total Nonfarm,2024,M12,December,10107,2024-12-01
SMU12000000000000001,Florida - Total Nonfarm,2024,M11,November,10069,2024-11-01
SMU12000000000000001,Florida - Total Nonfarm,2024,M10,October,9946,2024-10-01
SMU12000000000000001,Florida - Total Nonfarm,2024,M09,September,9924,2024-09-01
SMU12000000000000001,Florida - Total Nonfarm,2024,M08,August,9898,2024-08-01
SMU12000000000000001,Florida - Total Nonfarm,2024,M07,July,9803,2024-07-01
SMU12000000000000001,Florida - Total Nonfarm,2024,M06,June,9823,2024-06-01
SMU12000000000000001,Florida - Total Nonfarm,2024,M05,May,9948,2024-05-01
SMU12000000000000001,Florida - Total Nonfarm,2024,M04,April,9970,2024-04-01
SMU12000000000000001,Florida - Total Nonfarm,2024,M03,March,9947,2024-03-01
SMU12000000000000001,Florida - Total Nonfarm,2024,M02,February,9923,2024-02-01
SMU12000000000000001,Florida - Total Nonfarm,2024,M01,January,9856,2024-01-01
SMU13000000000000001,Georgia - Total Nonfarm,2025,M02,February,4951,2025-02-01
SMU13000000000000001,Georgia - Total Nonfarm,2025,M01,January,4929,2025-01-01
SMU13000000000000001,Georgia - Total Nonfarm,2024,M12,December,5021,2024-12-01
SMU13000000000000001,Georgia - Total Nonfarm,2024,M11,November,5009,2024-11-01
SMU13000000000000001,Georgia - Total Nonfarm,2024,M10,October,4985,2024-10-01
SMU13000000000000001,Georgia - Total Nonfarm,2024,M09,September,4960,2024-09-01
SMU13000000000000001,Georgia - Total Nonfarm,2024,M08,August,4967,2024-08-01
SMU13000000000000001,Georgia - Total Nonfarm,2024,M07,July,4942,2024-07-01
SMU13000000000000001,Georgia - Total Nonfarm,2024,M06,June,4970,2024-06-01
SMU13000000000000001,Georgia - Total Nonfarm,2024,M05,May,4981,2024-05-01
SMU13000000000000001,Georgia - Total Nonfarm,2024,M04,April,4960,2024-04-01
SMU13000000000000001,Georgia - Total Nonfarm,2024,M03,March,4947,2024-03-01
SMU13000000000000001,Georgia - Total Nonfarm,2024,M02,February,4922,2024-02-01
SMU13000000000000001,Georgia - Total Nonfarm,2024,M01,January,4897,2024-01-01
SMU15000000000000001,Hawaii - Total Nonfarm,2025,M02,February,648,2025-02-01
SMU15000000000000001,Hawaii - Total Nonfarm,2025,M01,January,642,2025-01-01
SMU15000000000000001,Hawaii - Total Nonfarm,2024,M12,December,655,2024-12-01
SMU15000000000000001,Hawaii - Total Nonfarm,2024,M11,November,647,2024-11-01
SMU15000000000000001,Hawaii - Total Nonfarm,2024,M10,October,640,2024-10-01
SMU15000000000000001,Hawaii - Total Nonfarm,2024,M09,September,638,2024-09-01
SMU15000000000000001,Hawaii - Total Nonfarm,2024,M08,August,631,2024-08-01
SMU15000000000000001,Hawaii - Total Nonfarm,2024,M07,July,633,2024-07-01
SMU15000000000000001,Hawaii - Total Nonfarm,2024,M06,June,634,2024-06-01
SMU15000000000000001,Hawaii - Total Nonfarm,2024,M05,May,640,2024-05-01
SMU15000000000000001,Hawaii - Total Nonfarm,2024,M04,April,636,2024-04-01
SMU15000000000000001,Hawaii - Total Nonfarm,2024,M03,March,639,2024-03-01
SMU15000000000000001,Hawaii - Total Nonfarm,2024,M02,February,638,2024-02-01
SMU15000000000000001,Hawaii - Total Nonfarm,2024,M01,January,629,2024-01-01
SMU16000000000000001,Idaho - Total Nonfarm,2025,M02,February,869,2025-02-01
SMU16000000000000001,Idaho - Total Nonfarm,2025,M01,January,861,2025-01-01
SMU16000000000000001,Idaho - Total Nonfarm,2024,M12,December,873,2024-12-01
SMU16000000000000001,Idaho - Total Nonfarm,2024,M11,November,874,2024-11-01
SMU16000000000000001,Idaho - Total Nonfarm,2024,M10,October,873,2024-10-01
SMU16000000000000001,Idaho - Total Nonfarm,2024,M09,September,869,2024-09-01
SMU16000000000000001,Idaho - Total Nonfarm,2024,M08,August,872,2024-08-01
SMU16000000000000001,Idaho - Total Nonfarm,2024,M07,July,873,2024-07-01
SMU16000000000000001,Idaho - Total Nonfarm,2024,M06,June,871,2024-06-01
SMU16000000000000001,Idaho - Total Nonfarm,2024,M05,May,864,2024-05-01
SMU16000000000000001,Idaho - Total Nonfarm,2024,M04,April,858,2024-04-01
SMU16000000000000001,Idaho - Total Nonfarm,2024,M03,March,847,2024-03-01
SMU16000000000000001,Idaho - Total Nonfarm,2024,M02,February,843,2024-02-01
SMU16000000000000001,Idaho - Total Nonfarm,2024,M01,January,838,2024-01-01
SMU17000000000000001,Illinois - Total Nonfarm,2025,M02,February,6063,2025-02-01
SMU17000000000000001,Illinois - Total Nonfarm,2025,M01,January,6034,2025-01-01
SMU17000000000000001,Illinois - Total Nonfarm,2024,M12,December,6194,2024-12-01
SMU17000000000000001,Illinois - Total Nonfarm,2024,M11,November,6208,2024-11-01
SMU17000000000000001,Illinois - Total Nonfarm,2024,M10,October,6215,2024-10-01
SMU17000000000000001,Illinois - Total Nonfarm,2024,M09,September,6175,2024-09-01
SMU17000000000000001,Illinois - Total Nonfarm,2024,M08,August,6166,2024-08-01
SMU17000000000000001,Illinois - Total Nonfarm,2024,M07,July,6168,2024-07-01
SMU17000000000000001,Illinois - Total Nonfarm,2024,M06,June,6192,2024-06-01
SMU17000000000000001,Illinois - Total Nonfarm,2024,M05,May,6162,2024-05-01
SMU17000000000000001,Illinois - Total Nonfarm,2024,M04,April,6109,2024-04-01
SMU17000000000000001,Illinois - Total Nonfarm,2024,M03,March,6079,2024-03-01
SMU17000000000000001,Illinois - Total Nonfarm,2024,M02,February,6028,2024-02-01
SMU17000000000000001,Illinois - Total Nonfarm,2024,M01,January,6002,2024-01-01
SMU18000000000000001,Indiana - Total Nonfarm,2025,M02,February,3219,2025-02-01
SMU18000000000000001,Indiana - Total Nonfarm,2025,M01,January,3208,2025-01-01
SMU18000000000000001,Indiana - Total Nonfarm,2024,M12,December,3293,2024-12-01
SMU18000000000000001,Indiana - Total Nonfarm,2024,M11,November,3299,2024-11-01
SMU18000000000000001,Indiana - Total Nonfarm,2024,M10,October,3290,2024-10-01
SMU18000000000000001,Indiana - Total Nonfarm,2024,M09,September,3275,2024-09-01
SMU18000000000000001,Indiana - Total Nonfarm,2024,M08,August,3285,2024-08-01
SMU18000000000000001,Indiana - Total Nonfarm,2024,M07,July,3224,2024-07-01
SMU18000000000000001,Indiana - Total Nonfarm,2024,M06,June,3260,2024-06-01
SMU18000000000000001,Indiana - Total Nonfarm,2024,M05,May,3285,2024-05-01
SMU18000000000000001,Indiana - Total Nonfarm,2024,M04,April,3256,2024-04-01
SMU18000000000000001,Indiana - Total Nonfarm,2024,M03,March,3237,2024-03-01
SMU18000000000000001,Indiana - Total Nonfarm,2024,M02,February,3226,2024-02-01
SMU18000000000000001,Indiana - Total Nonfarm,2024,M01,January,3204,2024-01-01
SMU19000000000000001,Iowa - Total Nonfarm,2025,M02,February,1577,2025-02-01
SMU19000000000000001,Iowa - Total Nonfarm,2025,M01,January,1565,2025-01-01
SMU19000000000000001,Iowa - Total Nonfarm,2024,M12,December,1599,2024-12-01
SMU19000000000000001,Iowa - Total Nonfarm,2024,M11,November,1608,2024-11-01
SMU19000000000000001,Iowa - Total Nonfarm,2024,M10,October,1605,2024-10-01
SMU19000000000000001,Iowa - Total Nonfarm,2024,M09,September,1595,2024-09-01
SMU19000000000000001,Iowa - Total Nonfarm,2024,M08,August,1587,2024-08-01
SMU19000000000000001,Iowa - Total Nonfarm,2024,M07,July,1586,2024-07-01
SMU19000000000000001,Iowa - Total Nonfarm,2024,M06,June,1605,2024-06-01
SMU19000000000000001,Iowa - Total Nonfarm,2024,M05,May,1614,2024-05-01
SMU19000000000000001,Iowa - Total Nonfarm,2024,M04,April,1608,2024-04-01
SMU19000000000000001,Iowa - Total Nonfarm,2024,M03,March,1591,2024-03-01
SMU19000000000000001,Iowa - Total Nonfarm,2024,M02,February,1586,2024-02-01
SMU19000000000000001,Iowa - Total Nonfarm,2024,M01,January,1559,2024-01-01
SMU20000000000000001,Kansas - Total Nonfarm,2025,M02,February,1448,2025-02-01
SMU20000000000000001,Kansas - Total Nonfarm,2025,M01,January,1439,2025-01-01
SMU20000000000000001,Kansas - Total Nonfarm,2024,M12,December,1471,2024-12-01
SMU20000000000000001,Kansas - Total Nonfarm,2024,M11,November,1476,2024-11-01
SMU20000000000000001,Kansas - Total Nonfarm,2024,M10,October,1464,2024-10-01
SMU20000000000000001,Kansas - Total Nonfarm,2024,M09,September,1461,2024-09-01
SMU20000000000000001,Kansas - Total Nonfarm,2024,M08,August,1448,2024-08-01
SMU20000000000000001,Kansas - Total Nonfarm,2024,M07,July,1439,2024-07-01
SMU20000000000000001,Kansas - Total Nonfarm,2024,M06,June,1458,2024-06-01
SMU20000000000000001,Kansas - Total Nonfarm,2024,M05,May,1463,2024-05-01
SMU20000000000000001,Kansas - Total Nonfarm,2024,M04,April,1462,2024-04-01
SMU20000000000000001,Kansas - Total Nonfarm,2024,M03,March,1450,2024-03-01
SMU20000000000000001,Kansas - Total Nonfarm,2024,M02,February,1445,2024-02-01
SMU20000000000000001,Kansas - Total Nonfarm,2024,M01,January,1429,2024-01-01
SMU21000000000000001,Kentucky - Total Nonfarm,2025,M02,February,2022,2025-02-01
SMU21000000000000001,Kentucky - Total Nonfarm,2025,M01,January,2014,2025-01-01
SMU21000000000000001,Kentucky - Total Nonfarm,2024,M12,December,2062,2024-12-01
SMU21000000000000001,Kentucky - Total Nonfarm,2024,M11,November,2065,2024-11-01
SMU21000000000000001,Kentucky - Total Nonfarm,2024,M10,October,2049,2024-10-01
SMU21000000000000001,Kentucky - Total Nonfarm,2024,M09,September,2046,2024-09-01
SMU21000000000000001,Kentucky - Total Nonfarm,2024,M08,August,2043,2024-08-01
SMU21000000000000001,Kentucky - Total Nonfarm,2024,M07,July,2014,2024-07-01
SMU21000000000000001,Kentucky - Total Nonfarm,2024,M06,June,2041,2024-06-01
SMU21000000000000001,Kentucky - Total Nonfarm,2024,M05,May,2043,2024-05-01
SMU21000000000000001,Kentucky - Total Nonfarm,2024,M04,April,2034,2024-04-01
SMU21000000000000001,Kentucky - Total Nonfarm,2024,M03,March,2029,2024-03-01
SMU21000000000000001,Kentucky - Total Nonfarm,2024,M02,February,2017,2024-02-01
SMU21000000000000001,Kentucky - Total Nonfarm,2024,M01,January,2007,2024-01-01
SMU22000000000000001,Louisiana - Total Nonfarm,2025,M02,February,1993,2025-02-01
SMU22000000000000001,Louisiana - Total Nonfarm,2025,M01,January,1982,2025-01-01
SMU22000000000000001,Louisiana - Total Nonfarm,2024,M12,December,1999,2024-12-01
SMU22000000000000001,Louisiana - Total Nonfarm,2024,M11,November,2008,2024-11-01
SMU22000000000000001,Louisiana - Total Nonfarm,2024,M10,October,2002,2024-10-01
SMU22000000000000001,Louisiana - Total Nonfarm,2024,M09,September,1975,2024-09-01
SMU22000000000000001,Louisiana - Total Nonfarm,2024,M08,August,1981,2024-08-01
SMU22000000000000001,Louisiana - Total Nonfarm,2024,M07,July,1965,2024-07-01
SMU22000000000000001,Louisiana - Total Nonfarm,2024,M06,June,1969,2024-06-01
SMU22000000000000001,Louisiana - Total Nonfarm,2024,M05,May,1989,2024-05-01
SMU22000000000000001,Louisiana - Total Nonfarm,2024,M04,April,1984,2024-04-01
SMU22000000000000001,Louisiana - Total Nonfarm,2024,M03,March,1978,2024-03-01
SMU22000000000000001,Louisiana - Total Nonfarm,2024,M02,February,1971,2024-02-01
SMU22000000000000001,Louisiana - Total Nonfarm,2024,M01,January,1962,2024-01-01
SMU23000000000000001,Maine - Total Nonfarm,2025,M02,February,640,2025-02-01
SMU23000000000000001,Maine - Total Nonfarm,2025,M01,January,640,2025-01-01
SMU23000000000000001,Maine - Total Nonfarm,2024,M12,December,655,2024-12-01
SMU23000000000000001,Maine - Total Nonfarm,2024,M11,November,658,2024-11-01
SMU23000000000000001,Maine - Total Nonfarm,2024,M10,October,666,2024-10-01
SMU23000000000000001,Maine - Total Nonfarm,2024,M09,September,668,2024-09-01
SMU23000000000000001,Maine - Total Nonfarm,2024,M08,August,675,2024-08-01
SMU23000000000000001,Maine - Total Nonfarm,2024,M07,July,677,2024-07-01
SMU23000000000000001,Maine - Total Nonfarm,2024,M06,June,672,2024-06-01
SMU23000000000000001,Maine - Total Nonfarm,2024,M05,May,658,2024-05-01
SMU23000000000000001,Maine - Total Nonfarm,2024,M04,April,643,2024-04-01
SMU23000000000000001,Maine - Total Nonfarm,2024,M03,March,640,2024-03-01
SMU23000000000000001,Maine - Total Nonfarm,2024,M02,February,638,2024-02-01
SMU23000000000000001,Maine - Total Nonfarm,2024,M01,January,638,2024-01-01
SMU24000000000000001,Maryland - Total Nonfarm,2025,M02,February,2807,2025-02-01
SMU24000000000000001,Maryland - Total Nonfarm,2025,M01,January,2795,2025-01-01
SMU24000000000000001,Maryland - Total Nonfarm,2024,M12,December,2862,2024-12-01
SMU24000000000000001,Maryland - Total Nonfarm,2024,M11,November,2861,2024-11-01
SMU24000000000000001,Maryland - Total Nonfarm,2024,M10,October,2846,2024-10-01
SMU24000000000000001,Maryland - Total Nonfarm,2024,M09,September,2834,2024-09-01
SMU24000000000000001,Maryland - Total Nonfarm,2024,M08,August,2848,2024-08-01
SMU24000000000000001,Maryland - Total Nonfarm,2024,M07,July,2861,2024-07-01
SMU24000000000000001,Maryland - Total Nonfarm,2024,M06,June,2849,2024-06-01
SMU24000000000000001,Maryland - Total Nonfarm,2024,M05,May,2836,2024-05-01
SMU24000000000000001,Maryland - Total Nonfarm,2024,M04,April,2818,2024-04-01
SMU24000000000000001,Maryland - Total Nonfarm,2024,M03,March,2809,2024-03-01
SMU24000000000000001,Maryland - Total Nonfarm,2024,M02,February,2799,2024-02-01
SMU24000000000000001,Maryland - Total Nonfarm,2024,M01,January,2787,2024-01-01
SMU25000000000000001,Massachusetts - Total Nonfarm,2025,M02,February,3659,2025-02-01
SMU25000000000000001,Massachusetts - Total Nonfarm,2025,M01,January,3646,2025-01-01
SMU25000000000000001,Massachusetts - Total Nonfarm,2024,M12,December,3722,2024-12-01
SMU25000000000000001,Massachusetts - Total Nonfarm,2024,M11,November,3731,2024-11-01
SMU25000000000000001,Massachusetts - Total Nonfarm,2024,M10,October,3739,2024-10-01
SMU25000000000000001,Massachusetts - Total Nonfarm,2024,M09,September,3724,2024-09-01
SMU25000000000000001,Massachusetts - Total Nonfarm,2024,M08,August,3739,2024-08-01
SMU25000000000000001,Massachusetts - Total Nonfarm,2024,M07,July,3758,2024-07-01
SMU25000000000000001,Massachusetts - Total Nonfarm,2024,M06,June,3780,2024-06-01
SMU25000000000000001,Massachusetts - Total Nonfarm,2024,M05,May,3735,2024-05-01
SMU25000000000000001,Massachusetts - Total Nonfarm,2024,M04,April,3703,2024-04-01
SMU25000000000000001,Massachusetts - Total Nonfarm,2024,M03,March,3680,2024-03-01
SMU25000000000000001,Massachusetts - Total Nonfarm,2024,M02,February,3659,2024-02-01
SMU25000000000000001,Massachusetts - Total Nonfarm,2024,M01,January,3644,2024-01-01
SMU26000000000000001,Michigan - Total Nonfarm,2025,M02,February,4458,2025-02-01
SMU26000000000000001,Michigan - Total Nonfarm,2025,M01,January,4430,2025-01-01
SMU26000000000000001,Michigan - Total Nonfarm,2024,M12,December,4515,2024-12-01
SMU26000000000000001,Michigan - Total Nonfarm,2024,M11,November,4528,2024-11-01
SMU26000000000000001,Michigan - Total Nonfarm,2024,M10,October,4530,2024-10-01
SMU26000000000000001,Michigan - Total Nonfarm,2024,M09,September,4514,2024-09-01
SMU26000000000000001,Michigan - Total Nonfarm,2024,M08,August,4498,2024-08-01
SMU26000000000000001,Michigan - Total Nonfarm,2024,M07,July,4466,2024-07-01
SMU26000000000000001,Michigan - Total Nonfarm,2024,M06,June,4545,2024-06-01
SMU26000000000000001,Michigan - Total Nonfarm,2024,M05,May,4526,2024-05-01
SMU26000000000000001,Michigan - Total Nonfarm,2024,M04,April,4473,2024-04-01
SMU26000000000000001,Michigan - Total Nonfarm,2024,M03,March,4438,2024-03-01
SMU26000000000000001,Michigan - Total Nonfarm,2024,M02,February,4418,2024-02-01
SMU26000000000000001,Michigan - Total Nonfarm,2024,M01,January,4391,2024-01-01
SMU27000000000000001,Minnesota - Total Nonfarm,2025,M02,February,2993,2025-02-01
SMU27000000000000001,Minnesota - Total Nonfarm,2025,M01,January,2989,2025-01-01
SMU27000000000000001,Minnesota - Total Nonfarm,2024,M12,December,3028,2024-12-01
SMU27000000000000001,Minnesota - Total Nonfarm,2024,M11,November,3049,2024-11-01
SMU27000000000000001,Minnesota - Total Nonfarm,2024,M10,October,3056,2024-10-01
SMU27000000000000001,Minnesota - Total Nonfarm,2024,M09,September,3028,2024-09-01
SMU27000000000000001,Minnesota - Total Nonfarm,2024,M08,August,3027,2024-08-01
SMU27000000000000001,Minnesota - Total Nonfarm,2024,M07,July,3029,2024-07-01
SMU27000000000000001,Minnesota - Total Nonfarm,2024,M06,June,3052,2024-06-01
SMU27000000000000001,Minnesota - Total Nonfarm,2024,M05,May,3037,2024-05-01
SMU27000000000000001,Minnesota - Total Nonfarm,2024,M04,April,2993,2024-04-01
SMU27000000000000001,Minnesota - Total Nonfarm,2024,M03,March,2965,2024-03-01
SMU27000000000000001,Minnesota - Total Nonfarm,2024,M02,February,2953,2024-02-01
SMU27000000000000001,Minnesota - Total Nonfarm,2024,M01,January,2947,2024-01-01
SMU28000000000000001,Mississippi - Total Nonfarm,2025,M02,February,1198,2025-02-01
SMU28000000000000001,Mississippi - Total Nonfarm,2025,M01,January,1189,2025-01-01
SMU28000000000000001,Mississippi - Total Nonfarm,2024,M12,December,1201,2024-12-01
SMU28000000000000001,Mississippi - Total Nonfarm,2024,M11,November,1208,2024-11-01
SMU28000000000000001,Mississippi - Total Nonfarm,2024,M10,October,1204,2024-10-01
SMU28000000000000001,Mississippi - Total Nonfarm,2024,M09,September,1194,2024-09-01
SMU28000000000000001,Mississippi - Total Nonfarm,2024,M08,August,1186,2024-08-01
SMU28000000000000001,Mississippi - Total Nonfarm,2024,M07,July,1178,2024-07-01
SMU28000000000000001,Mississippi - Total Nonfarm,2024,M06,June,1181,2024-06-01
SMU28000000000000001,Mississippi - Total Nonfarm,2024,M05,May,1188,2024-05-01
SMU28000000000000001,Mississippi - Total Nonfarm,2024,M04,April,1189,2024-04-01
SMU28000000000000001,Mississippi - Total Nonfarm,2024,M03,March,1185,2024-03-01
SMU28000000000000001,Mississippi - Total Nonfarm,2024,M02,February,1181,2024-02-01
SMU28000000000000001,Mississippi - Total Nonfarm,2024,M01,January,1171,2024-01-01
SMU29000000000000001,Missouri - Total Nonfarm,2025,M02,February,2962,2025-02-01
SMU29000000000000001,Missouri - Total Nonfarm,2025,M01,January,2937,2025-01-01
SMU29000000000000001,Missouri - Total Nonfarm,2024,M12,December,3015,2024-12-01
SMU29000000000000001,Missouri - Total Nonfarm,2024,M11,November,3017,2024-11-01
SMU29000000000000001,Missouri - Total Nonfarm,2024,M10,October,3018,2024-10-01
SMU29000000000000001,Missouri - Total Nonfarm,2024,M09,September,2996,2024-09-01
SMU29000000000000001,Missouri - Total Nonfarm,2024,M08,August,2974,2024-08-01
SMU29000000000000001,Missouri - Total Nonfarm,2024,M07,July,2968,2024-07-01
SMU29000000000000001,Missouri - Total Nonfarm,2024,M06,June,3007,2024-06-01
SMU29000000000000001,Missouri - Total Nonfarm,2024,M05,May,3011,2024-05-01
SMU29000000000000001,Missouri - Total Nonfarm,2024,M04,April,3003,2024-04-01
SMU29000000000000001,Missouri - Total Nonfarm,2024,M03,March,2969,2024-03-01
SMU29000000000000001,Missouri - Total Nonfarm,2024,M02,February,2954,2024-02-01
SMU29000000000000001,Missouri - Total Nonfarm,2024,M01,January,2922,2024-01-01
SMU30000000000000001,Montana - Total Nonfarm,2025,M02,February,513,2025-02-01
SMU30000000000000001,Montana - Total Nonfarm,2025,M01,January,514,2025-01-01
SMU30000000000000001,Montana - Total Nonfarm,2024,M12,December,525,2024-12-01
SMU30000000000000001,Montana - Total Nonfarm,2024,M11,November,523,2024-11-01
SMU30000000000000001,Montana - Total Nonfarm,2024,M10,October,526,2024-10-01
SMU30000000000000001,Montana - Total Nonfarm,2024,M09,September,531,2024-09-01
SMU30000000000000001,Montana - Total Nonfarm,2024,M08,August,536,2024-08-01
SMU30000000000000001,Montana - Total Nonfarm,2024,M07,July,535,2024-07-01
SMU30000000000000001,Montana - Total Nonfarm,2024,M06,June,540,2024-06-01
SMU30000000000000001,Montana - Total Nonfarm,2024,M05,May,531,2024-05-01
SMU30000000000000001,Montana - Total Nonfarm,2024,M04,April,522,2024-04-01
SMU30000000000000001,Montana - Total Nonfarm,2024,M03,March,515,2024-03-01
SMU30000000000000001,Montana - Total Nonfarm,2024,M02,February,511,2024-02-01
SMU30000000000000001,Montana - Total Nonfarm,2024,M01,January,508,2024-01-01
SMU31000000000000001,Nebraska - Total Nonfarm,2025,M02,February,1048,2025-02-01
SMU31000000000000001,Nebraska - Total Nonfarm,2025,M01,January,1043,2025-01-01
SMU31000000000000001,Nebraska - Total Nonfarm,2024,M12,December,1065,2024-12-01
SMU31000000000000001,Nebraska - Total Nonfarm,2024,M11,November,1066,2024-11-01
SMU31000000000000001,Nebraska - Total Nonfarm,2024,M10,October,1068,2024-10-01
SMU31000000000000001,Nebraska - Total Nonfarm,2024,M09,September,1062,2024-09-01
SMU31000000000000001,Nebraska - Total Nonfarm,2024,M08,August,1057,2024-08-01
SMU31000000000000001,Nebraska - Total Nonfarm,2024,M07,July,1057,2024-07-01
SMU31000000000000001,Nebraska - Total Nonfarm,2024,M06,June,1068,2024-06-01
SMU31000000000000001,Nebraska - Total Nonfarm,2024,M05,May,1066,2024-05-01
SMU31000000000000001,Nebraska - Total Nonfarm,2024,M04,April,1057,2024-04-01
SMU31000000000000001,Nebraska - Total Nonfarm,2024,M03,March,1050,2024-03-01
SMU31000000000000001,Nebraska - Total Nonfarm,2024,M02,February,1042,2024-02-01
SMU31000000000000001,Nebraska - Total Nonfarm,2024,M01,January,1030,2024-01-01
SMU32000000000000001,Nevada - Total Nonfarm,2025,M02,February,1561,2025-02-01
SMU32000000000000001,Nevada - Total Nonfarm,2025,M01,January,1555,2025-01-01
SMU32000000000000001,Nevada - Total Nonfarm,2024,M12,December,1591,2024-12-01
SMU32000000000000001,Nevada - Total Nonfarm,2024,M11,November,1588,2024-11-01
SMU32000000000000001,Nevada - Total Nonfarm,2024,M10,October,1584,2024-10-01
SMU32000000000000001,Nevada - Total Nonfarm,2024,M09,September,1578,2024-09-01
SMU32000000000000001,Nevada - Total Nonfarm,2024,M08,August,1561,2024-08-01
SMU32000000000000001,Nevada - Total Nonfarm,2024,M07,July,1553,2024-07-01
SMU32000000000000001,Nevada - Total Nonfarm,2024,M06,June,1561,2024-06-01
SMU32000000000000001,Nevada - Total Nonfarm,2024,M05,May,1578,2024-05-01
SMU32000000000000001,Nevada - Total Nonfarm,2024,M04,April,1569,2024-04-01
SMU32000000000000001,Nevada - Total Nonfarm,2024,M03,March,1560,2024-03-01
SMU32000000000000001,Nevada - Total Nonfarm,2024,M02,February,1558,2024-02-01
SMU32000000000000001,Nevada - Total Nonfarm,2024,M01,January,1540,2024-01-01
SMU33000000000000001,New Hampshire - Total Nonfarm,2025,M02,February,704,2025-02-01
SMU33000000000000001,New Hampshire - Total Nonfarm,2025,M01,January,697,2025-01-01
SMU33000000000000001,New Hampshire - Total Nonfarm,2024,M12,December,713,2024-12-01
SMU33000000000000001,New Hampshire - Total Nonfarm,2024,M11,November,710,2024-11-01
SMU33000000000000001,New Hampshire - Total Nonfarm,2024,M10,October,710,2024-10-01
SMU33000000000000001,New Hampshire - Total Nonfarm,2024,M09,September,707,2024-09-01
SMU33000000000000001,New Hampshire - Total Nonfarm,2024,M08,August,706,2024-08-01
SMU33000000000000001,New Hampshire - Total Nonfarm,2024,M07,July,706,2024-07-01
SMU33000000000000001,New Hampshire - Total Nonfarm,2024,M06,June,712,2024-06-01
SMU33000000000000001,New Hampshire - Total Nonfarm,2024,M05,May,701,2024-05-01
SMU33000000000000001,New Hampshire - Total Nonfarm,2024,M04,April,697,2024-04-01
SMU33000000000000001,New Hampshire - Total Nonfarm,2024,M03,March,698,2024-03-01
SMU33000000000000001,New Hampshire - Total Nonfarm,2024,M02,February,697,2024-02-01
SMU33000000000000001,New Hampshire - Total Nonfarm,2024,M01,January,690,2024-01-01
SMU34000000000000001,New Jersey - Total Nonfarm,2025,M02,February,4324,2025-02-01
SMU34000000000000001,New Jersey - Total Nonfarm,2025,M01,January,4300,2025-01-01
SMU34000000000000001,New Jersey - Total Nonfarm,2024,M12,December,4427,2024-12-01
SMU34000000000000001,New Jersey - Total Nonfarm,2024,M11,November,4410,2024-11-01
SMU34000000000000001,New Jersey - Total Nonfarm,2024,M10,October,4393,2024-10-01
SMU34000000000000001,New Jersey - Total Nonfarm,2024,M09,September,4382,2024-09-01
SMU34000000000000001,New Jersey - Total Nonfarm,2024,M08,August,4344,2024-08-01
SMU34000000000000001,New Jersey - Total Nonfarm,2024,M07,July,4364,2024-07-01
SMU34000000000000001,New Jersey - Total Nonfarm,2024,M06,June,4452,2024-06-01
SMU34000000000000001,New Jersey - Total Nonfarm,2024,M05,May,4383,2024-05-01
SMU34000000000000001,New Jersey - Total Nonfarm,2024,M04,April,4341,2024-04-01
SMU34000000000000001,New Jersey - Total Nonfarm,2024,M03,March,4320,2024-03-01
SMU34000000000000001,New Jersey - Total Nonfarm,2024,M02,February,4291,2024-02-01
SMU34000000000000001,New Jersey - Total Nonfarm,2024,M01,January,4270,2024-01-01
SMU35000000000000001,New Mexico - Total Nonfarm,2025,M02,February,898,2025-02-01
SMU35000000000000001,New Mexico - Total Nonfarm,2025,M01,January,892,2025-01-01
SMU35000000000000001,New Mexico - Total Nonfarm,2024,M12,December,900,2024-12-01
SMU35000000000000001,New Mexico - Total Nonfarm,2024,M11,November,898,2024-11-01
SMU35000000000000001,New Mexico - Total Nonfarm,2024,M10,October,893,2024-10-01
SMU35000000000000001,New Mexico - Total Nonfarm,2024,M09,September,890,2024-09-01
SMU35000000000000001,New Mexico - Total Nonfarm,2024,M08,August,890,2024-08-01
SMU35000000000000001,New Mexico - Total Nonfarm,2024,M07,July,875,2024-07-01
SMU35000000000000001,New Mexico - Total Nonfarm,2024,M06,June,884,2024-06-01
SMU35000000000000001,New Mexico - Total Nonfarm,2024,M05,May,889,2024-05-01
SMU35000000000000001,New Mexico - Total Nonfarm,2024,M04,April,888,2024-04-01
SMU35000000000000001,New Mexico - Total Nonfarm,2024,M03,March,886,2024-03-01
SMU35000000000000001,New Mexico - Total Nonfarm,2024,M02,February,884,2024-02-01
SMU35000000000000001,New Mexico - Total Nonfarm,2024,M01,January,875,2024-01-01
SMU36000000000000001,New York - Total Nonfarm,2025,M02,February,9843,2025-02-01
SMU36000000000000001,New York - Total Nonfarm,2025,M01,January,9785,2025-01-01
SMU36000000000000001,New York - Total Nonfarm,2024,M12,December,10016,2024-12-01
SMU36000000000000001,New York - Total Nonfarm,2024,M11,November,9980,2024-11-01
SMU36000000000000001,New York - Total Nonfarm,2024,M10,October,9951,2024-10-01
SMU36000000000000001,New York - Total Nonfarm,2024,M09,September,9872,2024-09-01
SMU36000000000000001,New York - Total Nonfarm,2024,M08,August,9870,2024-08-01
SMU36000000000000001,New York - Total Nonfarm,2024,M07,July,9905,2024-07-01
SMU36000000000000001,New York - Total Nonfarm,2024,M06,June,9945,2024-06-01
SMU36000000000000001,New York - Total Nonfarm,2024,M05,May,9888,2024-05-01
SMU36000000000000001,New York - Total Nonfarm,2024,M04,April,9836,2024-04-01
SMU36000000000000001,New York - Total Nonfarm,2024,M03,March,9776,2024-03-01
SMU36000000000000001,New York - Total Nonfarm,2024,M02,February,9711,2024-02-01
SMU36000000000000001,New York - Total Nonfarm,2024,M01,January,9613,2024-01-01
SMU37000000000000001,North Carolina - Total Nonfarm,2025,M02,February,5038,2025-02-01
SMU37000000000000001,North Carolina - Total Nonfarm,2025,M01,January,5004,2025-01-01
SMU37000000000000001,North Carolina - Total Nonfarm,2024,M12,December,5078,2024-12-01
SMU37000000000000001,North Carolina - Total Nonfarm,2024,M11,November,5070,2024-11-01
SMU37000000000000001,North Carolina - Total Nonfarm,2024,M10,October,5043,2024-10-01
SMU37000000000000001,North Carolina - Total Nonfarm,2024,M09,September,5012,2024-09-01
SMU37000000000000001,North Carolina - Total Nonfarm,2024,M08,August,5016,2024-08-01
SMU37000000000000001,North Carolina - Total Nonfarm,2024,M07,July,4968,2024-07-01
SMU37000000000000001,North Carolina - Total Nonfarm,2024,M06,June,5030,2024-06-01
SMU37000000000000001,North Carolina - Total Nonfarm,2024,M05,May,5048,2024-05-01
SMU37000000000000001,North Carolina - Total Nonfarm,2024,M04,April,5016,2024-04-01
SMU37000000000000001,North Carolina - Total Nonfarm,2024,M03,March,4990,2024-03-01
SMU37000000000000001,North Carolina - Total Nonfarm,2024,M02,February,4972,2024-02-01
SMU37000000000000001,North Carolina - Total Nonfarm,2024,M01,January,4938,2024-01-01
SMU38000000000000001,North Dakota - Total Nonfarm,2025,M02,February,440,2025-02-01
SMU38000000000000001,North Dakota - Total Nonfarm,2025,M01,January,439,2025-01-01
SMU38000000000000001,North Dakota - Total Nonfarm,2024,M12,December,449,2024-12-01
SMU38000000000000001,North Dakota - Total Nonfarm,2024,M11,November,451,2024-11-01
SMU38000000000000001,North Dakota - Total Nonfarm,2024,M10,October,453,2024-10-01
SMU38000000000000001,North Dakota - Total Nonfarm,2024,M09,September,451,2024-09-01
SMU38000000000000001,North Dakota - Total Nonfarm,2024,M08,August,446,2024-08-01
SMU38000000000000001,North Dakota - Total Nonfarm,2024,M07,July,446,2024-07-01
SMU38000000000000001,North Dakota - Total Nonfarm,2024,M06,June,451,2024-06-01
SMU38000000000000001,North Dakota - Total Nonfarm,2024,M05,May,450,2024-05-01
SMU38000000000000001,North Dakota - Total Nonfarm,2024,M04,April,443,2024-04-01
SMU38000000000000001,North Dakota - Total Nonfarm,2024,M03,March,439,2024-03-01
SMU38000000000000001,North Dakota - Total Nonfarm,2024,M02,February,436,2024-02-01
SMU38000000000000001,North Dakota - Total Nonfarm,2024,M01,January,433,2024-01-01
SMU39000000000000001,Ohio - Total Nonfarm,2025,M02,February,5607,2025-02-01
SMU39000000000000001,Ohio - Total Nonfarm,2025,M01,January,5556,2025-01-01
SMU39000000000000001,Ohio - Total Nonfarm,2024,M12,December,5677,2024-12-01
SMU39000000000000001,Ohio - Total Nonfarm,2024,M11,November,5699,2024-11-01
SMU39000000000000001,Ohio - Total Nonfarm,2024,M10,October,5695,2024-10-01
SMU39000000000000001,Ohio - Total Nonfarm,2024,M09,September,5659,2024-09-01
SMU39000000000000001,Ohio - Total Nonfarm,2024,M08,August,5669,2024-08-01
SMU39000000000000001,Ohio - Total Nonfarm,2024,M07,July,5673,2024-07-01
SMU39000000000000001,Ohio - Total Nonfarm,2024,M06,June,5691,2024-06-01
SMU39000000000000001,Ohio - Total Nonfarm,2024,M05,May,5682,2024-05-01
SMU39000000000000001,Ohio - Total Nonfarm,2024,M04,April,5637,2024-04-01
SMU39000000000000001,Ohio - Total Nonfarm,2024,M03,March,5597,2024-03-01
SMU39000000000000001,Ohio - Total Nonfarm,2024,M02,February,5572,2024-02-01
SMU39000000000000001,Ohio - Total Nonfarm,2024,M01,January,5549,2024-01-01
SMU40000000000000001,Oklahoma - Total Nonfarm,2025,M02,February,1789,2025-02-01
SMU40000000000000001,Oklahoma - Total Nonfarm,2025,M01,January,1778,2025-01-01
SMU40000000000000001,Oklahoma - Total Nonfarm,2024,M12,December,1803,2024-12-01
SMU40000000000000001,Oklahoma - Total Nonfarm,2024,M11,November,1805,2024-11-01
SMU40000000000000001,Oklahoma - Total Nonfarm,2024,M10,October,1795,2024-10-01
SMU40000000000000001,Oklahoma - Total Nonfarm,2024,M09,September,1786,2024-09-01
SMU40000000000000001,Oklahoma - Total Nonfarm,2024,M08,August,1767,2024-08-01
SMU40000000000000001,Oklahoma - Total Nonfarm,2024,M07,July,1757,2024-07-01
SMU40000000000000001,Oklahoma - Total Nonfarm,2024,M06,June,1770,2024-06-01
SMU40000000000000001,Oklahoma - Total Nonfarm,2024,M05,May,1783,2024-05-01
SMU40000000000000001,Oklahoma - Total Nonfarm,2024,M04,April,1780,2024-04-01
SMU40000000000000001,Oklahoma - Total Nonfarm,2024,M03,March,1776,2024-03-01
SMU40000000000000001,Oklahoma - Total Nonfarm,2024,M02,February,1765,2024-02-01
SMU40000000000000001,Oklahoma - Total Nonfarm,2024,M01,January,1746,2024-01-01
SMU41000000000000001,Oregon - Total Nonfarm,2025,M02,February,1986,2025-02-01
SMU41000000000000001,Oregon - Total Nonfarm,2025,M01,January,1979,2025-01-01
SMU41000000000000001,Oregon - Total Nonfarm,2024,M12,December,2006,2024-12-01
SMU41000000000000001,Oregon - Total Nonfarm,2024,M11,November,2011,2024-11-01
SMU41000000000000001,Oregon - Total Nonfarm,2024,M10,October,2010,2024-10-01
SMU41000000000000001,Oregon - Total Nonfarm,2024,M09,September,1997,2024-09-01
SMU41000000000000001,Oregon - Total Nonfarm,2024,M08,August,1985,2024-08-01
SMU41000000000000001,Oregon - Total Nonfarm,2024,M07,July,1979,2024-07-01
SMU41000000000000001,Oregon - Total Nonfarm,2024,M06,June,2009,2024-06-01
SMU41000000000000001,Oregon - Total Nonfarm,2024,M05,May,2004,2024-05-01
SMU41000000000000001,Oregon - Total Nonfarm,2024,M04,April,1996,2024-04-01
SMU41000000000000001,Oregon - Total Nonfarm,2024,M03,March,1982,2024-03-01
SMU41000000000000001,Oregon - Total Nonfarm,2024,M02,February,1972,2024-02-01
SMU41000000000000001,Oregon - Total Nonfarm,2024,M01,January,1954,2024-01-01
SMU42000000000000001,Pennsylvania - Total Nonfarm,2025,M02,February,6129,2025-02-01
SMU42000000000000001,Pennsylvania - Total Nonfarm,2025,M01,January,6101,2025-01-01
SMU42000000000000001,Pennsylvania - Total Nonfarm,2024,M12,December,6223,2024-12-01
SMU42000000000000001,Pennsylvania - Total Nonfarm,2024,M11,November,6222,2024-11-01
SMU42000000000000001,Pennsylvania - Total Nonfarm,2024,M10,October,6202,2024-10-01
SMU42000000000000001,Pennsylvania - Total Nonfarm,2024,M09,September,6169,2024-09-01
SMU42000000000000001,Pennsylvania - Total Nonfarm,2024,M08,August,6116,2024-08-01
SMU42000000000000001,Pennsylvania - Total Nonfarm,2024,M07,July,6117,2024-07-01
SMU42000000000000001,Pennsylvania - Total Nonfarm,2024,M06,June,6155,2024-06-01
SMU42000000000000001,Pennsylvania - Total Nonfarm,2024,M05,May,6166,2024-05-01
SMU42000000000000001,Pennsylvania - Total Nonfarm,2024,M04,April,6136,2024-04-01
SMU42000000000000001,Pennsylvania - Total Nonfarm,2024,M03,March,6105,2024-03-01
SMU42000000000000001,Pennsylvania - Total Nonfarm,2024,M02,February,6059,2024-02-01
SMU42000000000000001,Pennsylvania - Total Nonfarm,2024,M01,January,6023,2024-01-01
SMU44000000000000001,Rhode Island - Total Nonfarm,2025,M02,February,505,2025-02-01
SMU44000000000000001,Rhode Island - Total Nonfarm,2025,M01,January,501,2025-01-01
SMU44000000000000001,Rhode Island - Total Nonfarm,2024,M12,December,515,2024-12-01
SMU44000000000000001,Rhode Island - Total Nonfarm,2024,M11,November,517,2024-11-01
SMU44000000000000001,Rhode Island - Total Nonfarm,2024,M10,October,517,2024-10-01
SMU44000000000000001,Rhode Island - Total Nonfarm,2024,M09,September,517,2024-09-01
SMU44000000000000001,Rhode Island - Total Nonfarm,2024,M08,August,513,2024-08-01
SMU44000000000000001,Rhode Island - Total Nonfarm,2024,M07,July,513,2024-07-01
SMU44000000000000001,Rhode Island - Total Nonfarm,2024,M06,June,520,2024-06-01
SMU44000000000000001,Rhode Island - Total Nonfarm,2024,M05,May,517,2024-05-01
SMU44000000000000001,Rhode Island - Total Nonfarm,2024,M04,April,510,2024-04-01
SMU44000000000000001,Rhode Island - Total Nonfarm,2024,M03,March,504,2024-03-01
SMU44000000000000001,Rhode Island - Total Nonfarm,2024,M02,February,499,2024-02-01
SMU44000000000000001,Rhode Island - Total Nonfarm,2024,M01,January,492,2024-01-01
SMU45000000000000001,South Carolina - Total Nonfarm,2025,M02,February,2374,2025-02-01
SMU45000000000000001,South Carolina - Total Nonfarm,2025,M01,January,2354,2025-01-01
SMU45000000000000001,South Carolina - Total Nonfarm,2024,M12,December,2393,2024-12-01
SMU45000000000000001,South Carolina - Total Nonfarm,2024,M11,November,2389,2024-11-01
SMU45000000000000001,South Carolina - Total Nonfarm,2024,M10,October,2374,2024-10-01
SMU45000000000000001,South Carolina - Total Nonfarm,2024,M09,September,2365,2024-09-01
SMU45000000000000001,South Carolina - Total Nonfarm,2024,M08,August,2353,2024-08-01
SMU45000000000000001,South Carolina - Total Nonfarm,2024,M07,July,2344,2024-07-01
SMU45000000000000001,South Carolina - Total Nonfarm,2024,M06,June,2357,2024-06-01
SMU45000000000000001,South Carolina - Total Nonfarm,2024,M05,May,2359,2024-05-01
SMU45000000000000001,South Carolina - Total Nonfarm,2024,M04,April,2352,2024-04-01
SMU45000000000000001,South Carolina - Total Nonfarm,2024,M03,March,2339,2024-03-01
SMU45000000000000001,South Carolina - Total Nonfarm,2024,M02,February,2327,2024-02-01
SMU45000000000000001,South Carolina - Total Nonfarm,2024,M01,January,2302,2024-01-01
SMU46000000000000001,South Dakota - Total Nonfarm,2025,M02,February,463,2025-02-01
SMU46000000000000001,South Dakota - Total Nonfarm,2025,M01,January,462,2025-01-01
SMU46000000000000001,South Dakota - Total Nonfarm,2024,M12,December,470,2024-12-01
SMU46000000000000001,South Dakota - Total Nonfarm,2024,M11,November,471,2024-11-01
SMU46000000000000001,South Dakota - Total Nonfarm,2024,M10,October,473,2024-10-01
SMU46000000000000001,South Dakota - Total Nonfarm,2024,M09,September,472,2024-09-01
SMU46000000000000001,South Dakota - Total Nonfarm,2024,M08,August,472,2024-08-01
SMU46000000000000001,South Dakota - Total Nonfarm,2024,M07,July,470,2024-07-01
SMU46000000000000001,South Dakota - Total Nonfarm,2024,M06,June,475,2024-06-01
SMU46000000000000001,South Dakota - Total Nonfarm,2024,M05,May,473,2024-05-01
SMU46000000000000001,South Dakota - Total Nonfarm,2024,M04,April,464,2024-04-01
SMU46000000000000001,South Dakota - Total Nonfarm,2024,M03,March,460,2024-03-01
SMU46000000000000001,South Dakota - Total Nonfarm,2024,M02,February,456,2024-02-01
SMU46000000000000001,South Dakota - Total Nonfarm,2024,M01,January,453,2024-01-01
SMU47000000000000001,Tennessee - Total Nonfarm,2025,M02,February,3364,2025-02-01
SMU47000000000000001,Tennessee - Total Nonfarm,2025,M01,January,3333,2025-01-01
SMU47000000000000001,Tennessee - Total Nonfarm,2024,M12,December,3415,2024-12-01
SMU47000000000000001,Tennessee - Total Nonfarm,2024,M11,November,3415,2024-11-01
SMU47000000000000001,Tennessee - Total Nonfarm,2024,M10,October,3400,2024-10-01
SMU47000000000000001,Tennessee - Total Nonfarm,2024,M09,September,3386,2024-09-01
SMU47000000000000001,Tennessee - Total Nonfarm,2024,M08,August,3364,2024-08-01
SMU47000000000000001,Tennessee - Total Nonfarm,2024,M07,July,3339,2024-07-01
SMU47000000000000001,Tennessee - Total Nonfarm,2024,M06,June,3378,2024-06-01
SMU47000000000000001,Tennessee - Total Nonfarm,2024,M05,May,3379,2024-05-01
SMU47000000000000001,Tennessee - Total Nonfarm,2024,M04,April,3374,2024-04-01
SMU47000000000000001,Tennessee - Total Nonfarm,2024,M03,March,3369,2024-03-01
SMU47000000000000001,Tennessee - Total Nonfarm,2024,M02,February,3350,2024-02-01
SMU47000000000000001,Tennessee - Total Nonfarm,2024,M01,January,3316,2024-01-01
SMU48000000000000001,Texas - Total Nonfarm,2025,M02,February,14214,2025-02-01
SMU48000000000000001,Texas - Total Nonfarm,2025,M01,January,14147,2025-01-01
SMU48000000000000001,Texas - Total Nonfarm,2024,M12,December,14329,2024-12-01
SMU48000000000000001,Texas - Total Nonfarm,2024,M11,November,14312,2024-11-01
SMU48000000000000001,Texas - Total Nonfarm,2024,M10,October,14264,2024-10-01
SMU48000000000000001,Texas - Total Nonfarm,2024,M09,September,14142,2024-09-01
SMU48000000000000001,Texas - Total Nonfarm,2024,M08,August,14125,2024-08-01
SMU48000000000000001,Texas - Total Nonfarm,2024,M07,July,14027,2024-07-01
SMU48000000000000001,Texas - Total Nonfarm,2024,M06,June,14147,2024-06-01
SMU48000000000000001,Texas - Total Nonfarm,2024,M05,May,14145,2024-05-01
SMU48000000000000001,Texas - Total Nonfarm,2024,M04,April,14094,2024-04-01
SMU48000000000000001,Texas - Total Nonfarm,2024,M03,March,14048,2024-03-01
SMU48000000000000001,Texas - Total Nonfarm,2024,M02,February,14016,2024-02-01
SMU48000000000000001,Texas - Total Nonfarm,2024,M01,January,13920,2024-01-01
SMU49000000000000001,Utah - Total Nonfarm,2025,M02,February,1759,2025-02-01
SMU49000000000000001,Utah - Total Nonfarm,2025,M01,January,1747,2025-01-01
SMU49000000000000001,Utah - Total Nonfarm,2024,M12,December,1769,2024-12-01
SMU49000000000000001,Utah - Total Nonfarm,2024,M11,November,1770,2024-11-01
SMU49000000000000001,Utah - Total Nonfarm,2024,M10,October,1768,2024-10-01
SMU49000000000000001,Utah - Total Nonfarm,2024,M09,September,1756,2024-09-01
SMU49000000000000001,Utah - Total Nonfarm,2024,M08,August,1740,2024-08-01
SMU49000000000000001,Utah - Total Nonfarm,2024,M07,July,1723,2024-07-01
SMU49000000000000001,Utah - Total Nonfarm,2024,M06,June,1739,2024-06-01
SMU49000000000000001,Utah - Total Nonfarm,2024,M05,May,1743,2024-05-01
SMU49000000000000001,Utah - Total Nonfarm,2024,M04,April,1742,2024-04-01
SMU49000000000000001,Utah - Total Nonfarm,2024,M03,March,1735,2024-03-01
SMU49000000000000001,Utah - Total Nonfarm,2024,M02,February,1727,2024-02-01
SMU49000000000000001,Utah - Total Nonfarm,2024,M01,January,1715,2024-01-01
SMU50000000000000001,Vermont - Total Nonfarm,2025,M02,February,312,2025-02-01
SMU50000000000000001,Vermont - Total Nonfarm,2025,M01,January,310,2025-01-01
SMU50000000000000001,Vermont - Total Nonfarm,2024,M12,December,313,2024-12-01
SMU50000000000000001,Vermont - Total Nonfarm,2024,M11,November,313,2024-11-01
SMU50000000000000001,Vermont - Total Nonfarm,2024,M10,October,314,2024-10-01
SMU50000000000000001,Vermont - Total Nonfarm,2024,M09,September,311,2024-09-01
SMU50000000000000001,Vermont - Total Nonfarm,2024,M08,August,310,2024-08-01
SMU50000000000000001,Vermont - Total Nonfarm,2024,M07,July,310,2024-07-01
SMU50000000000000001,Vermont - Total Nonfarm,2024,M06,June,311,2024-06-01
SMU50000000000000001,Vermont - Total Nonfarm,2024,M05,May,309,2024-05-01
SMU50000000000000001,Vermont - Total Nonfarm,2024,M04,April,309,2024-04-01
SMU50000000000000001,Vermont - Total Nonfarm,2024,M03,March,312,2024-03-01
SMU50000000000000001,Vermont - Total Nonfarm,2024,M02,February,312,2024-02-01
SMU50000000000000001,Vermont - Total Nonfarm,2024,M01,January,308,2024-01-01
SMU51000000000000001,Virginia - Total Nonfarm,2025,M02,February,4231,2025-02-01
SMU51000000000000001,Virginia - Total Nonfarm,2025,M01,January,4214,2025-01-01
SMU51000000000000001,Virginia - Total Nonfarm,2024,M12,December,4287,2024-12-01
SMU51000000000000001,Virginia - Total Nonfarm,2024,M11,November,4296,2024-11-01
SMU51000000000000001,Virginia - Total Nonfarm,2024,M10,October,4277,2024-10-01
SMU51000000000000001,Virginia - Total Nonfarm,2024,M09,September,4248,2024-09-01
SMU51000000000000001,Virginia - Total Nonfarm,2024,M08,August,4233,2024-08-01
SMU51000000000000001,Virginia - Total Nonfarm,2024,M07,July,4230,2024-07-01
SMU51000000000000001,Virginia - Total Nonfarm,2024,M06,June,4253,2024-06-01
SMU51000000000000001,Virginia - Total Nonfarm,2024,M05,May,4230,2024-05-01
SMU51000000000000001,Virginia - Total Nonfarm,2024,M04,April,4225,2024-04-01
SMU51000000000000001,Virginia - Total Nonfarm,2024,M03,March,4206,2024-03-01
SMU51000000000000001,Virginia - Total Nonfarm,2024,M02,February,4186,2024-02-01
SMU51000000000000001,Virginia - Total Nonfarm,2024,M01,January,4157,2024-01-01
SMU53000000000000001,Washington - Total Nonfarm,2025,M02,February,3628,2025-02-01
SMU53000000000000001,Washington - Total Nonfarm,2025,M01,January,3625,2025-01-01
SMU53000000000000001,Washington - Total Nonfarm,2024,M12,December,3676,2024-12-01
SMU53000000000000001,Washington - Total Nonfarm,2024,M11,November,3665,2024-11-01
SMU53000000000000001,Washington - Total Nonfarm,2024,M10,October,3638,2024-10-01
SMU53000000000000001,Washington - Total Nonfarm,2024,M09,September,3667,2024-09-01
SMU53000000000000001,Washington - Total Nonfarm,2024,M08,August,3650,2024-08-01
SMU53000000000000001,Washington - Total Nonfarm,2024,M07,July,3654,2024-07-01
SMU53000000000000001,Washington - Total Nonfarm,2024,M06,June,3672,2024-06-01
SMU53000000000000001,Washington - Total Nonfarm,2024,M05,May,3653,2024-05-01
SMU53000000000000001,Washington - Total Nonfarm,2024,M04,April,3624,2024-04-01
SMU53000000000000001,Washington - Total Nonfarm,2024,M03,March,3607,2024-03-01
SMU53000000000000001,Washington - Total Nonfarm,2024,M02,February,3582,2024-02-01
SMU53000000000000001,Washington - Total Nonfarm,2024,M01,January,3558,2024-01-01
SMU54000000000000001,West Virginia - Total Nonfarm,2025,M02,February,709,2025-02-01
SMU54000000000000001,West Virginia - Total Nonfarm,2025,M01,January,702,2025-01-01
SMU54000000000000001,West Virginia - Total Nonfarm,2024,M12,December,721,2024-12-01
SMU54000000000000001,West Virginia - Total Nonfarm,2024,M11,November,723,2024-11-01
SMU54000000000000001,West Virginia - Total Nonfarm,2024,M10,October,722,2024-10-01
SMU54000000000000001,West Virginia - Total Nonfarm,2024,M09,September,718,2024-09-01
SMU54000000000000001,West Virginia - Total Nonfarm,2024,M08,August,714,2024-08-01
SMU54000000000000001,West Virginia - Total Nonfarm,2024,M07,July,710,2024-07-01
SMU54000000000000001,West Virginia - Total Nonfarm,2024,M06,June,717,2024-06-01
SMU54000000000000001,West Virginia - Total Nonfarm,2024,M05,May,730,2024-05-01
SMU54000000000000001,West Virginia - Total Nonfarm,2024,M04,April,717,2024-04-01
SMU54000000000000001,West Virginia - Total Nonfarm,2024,M03,March,716,2024-03-01
SMU54000000000000001,West Virginia - Total Nonfarm,2024,M02,February,711,2024-02-01
SMU54000000000000001,West Virginia - Total Nonfarm,2024,M01,January,705,2024-01-01
SMU55000000000000001,Wisconsin - Total Nonfarm,2025,M02,February,3004,2025-02-01
SMU55000000000000001,Wisconsin - Total Nonfarm,2025,M01,January,2992,2025-01-01
SMU55000000000000001,Wisconsin - Total Nonfarm,2024,M12,December,3048,2024-12-01
SMU55000000000000001,Wisconsin - Total Nonfarm,2024,M11,November,3064,2024-11-01
SMU55000000000000001,Wisconsin - Total Nonfarm,2024,M10,October,3065,2024-10-01
SMU55000000000000001,Wisconsin - Total Nonfarm,2024,M09,September,3054,2024-09-01
SMU55000000000000001,Wisconsin - Total Nonfarm,2024,M08,August,3065,2024-08-01
SMU55000000000000001,Wisconsin - Total Nonfarm,2024,M07,July,3061,2024-07-01
SMU55000000000000001,Wisconsin - Total Nonfarm,2024,M06,June,3073,2024-06-01
SMU55000000000000001,Wisconsin - Total Nonfarm,2024,M05,May,3047,2024-05-01
SMU55000000000000001,Wisconsin - Total Nonfarm,2024,M04,April,3030,2024-04-01
SMU55000000000000001,Wisconsin - Total Nonfarm,2024,M03,March,3006,2024-03-01
SMU55000000000000001,Wisconsin - Total Nonfarm,2024,M02,February,2992,2024-02-01
SMU55000000000000001,Wisconsin - Total Nonfarm,2024,M01,January,2970,2024-01-01
SMU56000000000000001,Wyoming - Total Nonfarm,2025,M02,February,291,2025-02-01
SMU56000000000000001,Wyoming - Total Nonfarm,2025,M01,January,289,2025-01-01
SMU56000000000000001,Wyoming - Total Nonfarm,2024,M12,December,294,2024-12-01
SMU56000000000000001,Wyoming - Total Nonfarm,2024,M11,November,293,2024-11-01
SMU56000000000000001,Wyoming - Total Nonfarm,2024,M10,October,297,2024-10-01
SMU56000000000000001,Wyoming - Total Nonfarm,2024,M09,September,299,2024-09-01
SMU56000000000000001,Wyoming - Total Nonfarm,2024,M08,August,300,2024-08-01
SMU56000000000000001,Wyoming - Total Nonfarm,2024,M07,July,299,2024-07-01
SMU56000000000000001,Wyoming - Total Nonfarm,2024,M06,June,301,2024-06-01
SMU56000000000000001,Wyoming - Total Nonfarm,2024,M05,May,295,2024-05-01
SMU56000000000000001,Wyoming - Total Nonfarm,2024,M04,April,288,2024-04-01
SMU56000000000000001,Wyoming - Total Nonfarm,2024,M03,March,287,2024-03-01
SMU56000000000000001,Wyoming - Total Nonfarm,2024,M02,February,286,2024-02-01
SMU56000000000000001,Wyoming - Total Nonfarm,2024,M01,January,285,2024-01-01
CEU0500000001,Construction - National,2025,M02,February,134132,2025-02-01
CEU0500000001,Construction - National,2025,M01,January,133595,2025-01-01
CEU0500000001,Construction - National,2024,M12,December,136080,2024-12-01
CEU0500000001,Construction - National,2024,M11,November,135893,2024-11-01
CEU0500000001,Construction - National,2024,M10,October,135508,2024-10-01
CEU0500000001,Construction - National,2024,M09,September,135037,2024-09-01
CEU0500000001,Construction - National,2024,M08,August,135474,2024-08-01
CEU0500000001,Construction - National,2024,M07,July,135580,2024-07-01
CEU0500000001,Construction - National,2024,M06,June,135537,2024-06-01
CEU0500000001,Construction - National,2024,M05,May,134665,2024-05-01
CEU0500000001,Construction - National,2024,M04,April,133804,2024-04-01
CEU0500000001,Construction - National,2024,M03,March,132995,2024-03-01
CEU0500000001,Construction - National,2024,M02,February,132520,2024-02-01
CEU0500000001,Construction - National,2024,M01,January,131909,2024-01-01
CEU0600000001,Manufacturing - National,2025,M02,February,21322,2025-02-01
CEU0600000001,Manufacturing - National,2025,M01,January,21248,2025-01-01
CEU0600000001,Manufacturing - National,2024,M12,December,21628,2024-12-01
CEU0600000001,Manufacturing - National,2024,M11,November,21744,2024-11-01
CEU0600000001,Manufacturing - National,2024,M10,October,21801,2024-10-01
CEU0600000001,Manufacturing - National,2024,M09,September,21854,2024-09-01
CEU0600000001,Manufacturing - National,2024,M08,August,21957,2024-08-01
CEU0600000001,Manufacturing - National,2024,M07,July,21964,2024-07-01
CEU0600000001,Manufacturing - National,2024,M06,June,21913,2024-06-01
CEU0600000001,Manufacturing - National,2024,M05,May,21690,2024-05-01
CEU0600000001,Manufacturing - National,2024,M04,April,21514,2024-04-01
CEU0600000001,Manufacturing - National,2024,M03,March,21359,2024-03-01
CEU0600000001,Manufacturing - National,2024,M02,February,21255,2024-02-01
CEU0600000001,Manufacturing - National,2024,M01,January,21181,2024-01-01
CEU0700000001,Retail Trade - National,2025,M02,February,136661,2025-02-01
CEU0700000001,Retail Trade - National,2025,M01,January,135844,2025-01-01
CEU0700000001,Retail Trade - National,2024,M12,December,138295,2024-12-01
CEU0700000001,Retail Trade - National,2024,M11,November,138138,2024-11-01
CEU0700000001,Retail Trade - National,2024,M10,October,137551,2024-10-01
CEU0700000001,Retail Trade - National,2024,M09,September,136673,2024-09-01
CEU0700000001,Retail Trade - National,2024,M08,August,136113,2024-08-01
CEU0700000001,Retail Trade - National,2024,M07,July,135807,2024-07-01
CEU0700000001,Retail Trade - National,2024,M06,June,136809,2024-06-01
CEU0700000001,Retail Trade - National,2024,M05,May,136566,2024-05-01
CEU0700000001,Retail Trade - National,2024,M04,April,135924,2024-04-01
CEU0700000001,Retail Trade - National,2024,M03,March,135253,2024-03-01
CEU0700000001,Retail Trade - National,2024,M02,February,134752,2024-02-01
CEU0700000001,Retail Trade - National,2024,M01,January,133761,2024-01-01
CEU0800000001,Education & Health Services - National,2025,M02,February,112810,2025-02-01
CEU0800000001,Education & Health Services - National,2025,M01,January,112347,2025-01-01
CEU0800000001,Education & Health Services - National,2024,M12,December,114452,2024-12-01
CEU0800000001,Education & Health Services - National,2024,M11,November,114149,2024-11-01
CEU0800000001,Education & Health Services - National,2024,M10,October,113707,2024-10-01
CEU0800000001,Education & Health Services - National,2024,M09,September,113183,2024-09-01
CEU0800000001,Education & Health Services - National,2024,M08,August,113517,2024-08-01
CEU0800000001,Education & Health Services - National,2024,M07,July,113616,2024-07-01
CEU0800000001,Education & Health Services - National,2024,M06,June,113624,2024-06-01
CEU0800000001,Education & Health Services - National,2024,M05,May,112975,2024-05-01
CEU0800000001,Education & Health Services - National,2024,M04,April,112290,2024-04-01
CEU0800000001,Education & Health Services - National,2024,M03,March,111636,2024-03-01
CEU0800000001,Education & Health Services - National,2024,M02,February,111265,2024-02-01
CEU0800000001,Education & Health Services - National,2024,M01,January,110728,2024-01-01
